id,golden_id,first_name,middle_name,last_name,email,phone,birth_date,address_1,address_2,city,state,zip_code,country,created_at,updated_at
1,27918601-9659-4caa-b2c8-f3cb0e4e9fb9,Danielle,A,Rivera,drivera@training-env.invalid,414-699-8213,,2810 Mandy Point Suite 844,Suite 007,Davidmouth,MI,07661,USA,2024-05-30T07:34:49,2025-04-26T10:01:04
2,21c8e3b5-3cad-425f-86ff-09169b162319,Tara,L,Fox,member196@examplecare.test,616-196-4084,2002-09-22,977 Miller Walk,Apt. 468,Marieton,MD,10068,USA,2024-02-11T03:52:11,2025-04-02T11:49:06
3,969a6221-c227-4f3d-b5b9-64b6da2f710f,Amy,,Johnson,user8721@training-env.invalid,131-045-3578,1995-08-11,9425 Brooke Ways Suite 961,Suite 401,Kylechester,VA,21816,USA,2022-04-05T04:50:09,2024-07-13T03:04:49
4,e94eff8f-1426-4d38-adf1-c36bb69f6aca,Alan,B,Smith,asmith@examplecare.test,752-478-1388,1975-11-07,5044 Byrd Stream Apt. 337,Apt. 505,Tinaside,MO,65959,USA,2024-11-29T08:35:52,2025-03-10T22:51:41
5,d8ead3d9-bd9d-4097-94a6-c735bed17833,John,S,Miller,miller21@notrealhealth.org.test,135-594-8879,1975-11-18,,,West Christopher,HI,83856,USA,2022-05-15T17:27:06,2023-10-07T12:06:20
6,c2e8cb88-decb-4006-b94c-12cdffadffc2,Michael,J,Mccoy,mccoy60@healthsandbox.local,315-859-4385,1944-02-12,31270 Gregory Junction,Suite 978,Townsendton,ME,50782,USA,2021-10-02T21:28:27,2022-12-10T22:02:50
7,c4c4383e-6d19-4c77-ab3c-68705ec78793,Allison,A,Maldonado,user2700@notrealhealth.org.test,189-907-1521,1934-12-28,7713 Anderson Underpass,Suite 905,North Crystalberg,NY,39023,USA,2022-11-11T05:51:04,2025-07-15T10:41:44
8,241d598e-6972-4232-bd34-4f98d0d239a3,Rodney,T,Guzman,guzman41@examplecare.test,611-183-0733,2003-10-12,,,Noahmouth,WI,91993,USA,2023-02-20T19:04:00,2023-03-18T17:07:19
9,325b3dfe-7b5b-48bb-a61e-ddc87d1b461c,William,C,Lee,lee92@examplecare.test,844-640-8996,1965-02-27,4565 Alexander Branch,Suite 572,Cassidyton,ID,26935,USA,2024-01-03T19:14:42,2025-06-01T07:12:23
10,b82ce05c-684d-4e3e-b5bf-95ef72df3577,Monica,D,Oliver,oliver65@healthsandbox.local,835-493-3529,1998-04-11,661 Hernandez Harbor Suite 080,Apt. 815,Mooreside,DC,78670,USA,2024-05-31T11:27:36,2025-04-20T14:04:16
11,f0390869-28a0-4ae2-afbc-75f53e8d909f,Joseph,,Hanson,jhanson@healthsandbox.local,828-295-0623,1951-02-11,843 Cheryl Circles,Apt. 525,Scottberg,DE,63077,USA,2022-05-31T22:24:22,2022-06-14T17:41:04
12,85bc8d79-e701-4d4c-a4b8-d2772e0e87ed,Jason,L,White,member365@notrealhealth.org.test,077-614-5995,1978-03-07,220 Michael Street,Suite 368,East Michaelborough,TX,43897,USA,2022-02-22T19:01:34,2022-08-23T14:43:04
13,0c7ab861-0c64-413f-b948-4a5485763153,Robert,J,Hansen,rhansen@examplecare.test,705-326-0622,1978-08-26,4267 Morgan Brook,Suite 775,New Melissa,NE,55387,USA,2023-10-14T05:17:58,2024-06-12T21:10:53
14,e6f9402a-1531-437e-9bb7-02f449df3d40,Daniel,C,Lawrence,dlawrence@examplecare.test,680-554-3974,1960-11-06,3596 Williams Coves,Apt. 081,Port Jamesborough,RI,18323,USA,2023-09-18T00:48:21,2024-08-04T03:09:48
15,264a8eab-d112-44e2-b909-d30d5a61f760,Shelby,A,Bryant,bryant73@healthsandbox.local,781-341-4259,1997-08-31,72206 Jennifer Garden,Apt. 571,North Angelicafurt,NY,66783,USA,2023-04-15T04:55:48,2024-01-10T23:02:59
16,016f5e2c-4368-4ee3-b276-e7c4210d5a1a,Cindy,L,Mitchell,cmitchell@training-env.invalid,798-715-6365,1998-01-05,39566 Roman Union,Apt. 675,Torresshire,TN,94600,USA,2023-04-14T23:41:05,2023-11-09T17:17:52
17,55884508-080b-4555-b112-9277ab715897,Aaron,B,Henderson,user5646@examplecare.test,485-942-1161,1978-10-09,7226 Smith Route Suite 649,Apt. 095,Port Brendastad,WA,40674,USA,2021-10-18T19:23:31,2023-06-17T05:41:21
18,dde1e23c-9578-4bbd-8106-d52d2f64755a,Jamie,J,Luna,jluna@healthsandbox.local,092-569-4454,1996-06-10,8118 Matthew Spur,Apt. 399,East Kimberlychester,KY,79755,USA,2024-01-06T16:47:54,2025-11-26T12:38:26
19,b26ec32d-4670-4b0c-a3de-de4288d4dd02,Brandon,,Juarez,user8780@examplecare.test,935-147-4449,1953-09-18,0201 Jackson Garden,Suite 087,South Brittany,LA,66213,USA,2021-05-12T02:54:57,2022-10-04T09:41:54
20,96cbf633-ab59-4130-abbc-96c09c250ce3,Jerry,M,Simmons,jsimmons@training-env.invalid,412-240-8900,1956-07-25,196 Hernandez Cliff Suite 027,Suite 571,Port Tammyfort,WI,54554,USA,2022-02-19T21:42:15,2022-07-03T21:40:01
21,cdad5673-0465-430a-b969-37ed0d886ad8,Deborah,F,Perez,dperez@examplecare.test,592-933-5440,1954-11-12,850 Martinez Fields Apt. 973,Suite 822,New Jeremyland,MT,43079,USA,2022-12-27T09:14:08,2024-10-20T13:47:54
22,aa4d7ebb-0581-46a1-bea3-6f0577a9ae26,Jessica,J,Mcguire,mcguire89@notrealhealth.org.test,767-578-1833,1986-02-03,2357 Joseph Burg,Suite 776,Joshuaside,AL,16578,USA,2024-05-14T00:02:12,2025-11-27T09:59:52
23,d5005bc5-c72e-4eae-b10f-b3a1d164d65e,Raymond,M,Holmes,rholmes@examplecare.test,144-910-9629,2001-10-14,3622 Brady Forks,Suite 916,Jenniferview,OH,13327,USA,2023-09-21T20:05:16,2024-03-14T06:55:20
24,0a9219e7-f832-4341-b744-213f586b8161,Breanna,,Garcia,user8899@training-env.invalid,548-095-6721,,4831 Amanda Land Apt. 198,Apt. 925,Port Randall,WV,30158,USA,2022-03-28T15:58:26,2023-10-15T02:49:15
25,e8a67b70-30be-4547-ada3-0842e189194a,Marcus,C,Olson,user9325@training-env.invalid,485-513-9410,1997-06-18,4006 Crystal Trace,Apt. 330,Christopherport,MS,38256,USA,2022-02-12T04:58:04,2023-07-22T09:00:14
26,18832ee0-f8e5-4131-82fb-5ce0bbff430d,Joseph,J,Hull,hull47@examplecare.test,504-025-1884,1977-02-02,09732 Jeff Village,Apt. 559,Andrewfort,MD,73244,USA,2021-09-19T14:18:51,2025-03-15T22:06:34
27,cc0c378f-29d4-4122-8cd4-55b7492f401f,Gary,C,Robinson,member943@healthsandbox.local,214-593-3832,2002-10-31,318 Adrienne Freeway Apt. 212,Suite 768,Jimmyberg,ND,10815,USA,2021-07-25T00:54:18,2024-01-09T11:32:57
28,adedf04f-2669-452d-b11d-a5f097881b89,Steve,C,Smith,ssmith@notrealhealth.org.test,518-418-7084,1999-10-05,20637 Sylvia Flat,Apt. 393,Amandabury,MI,54405,USA,2022-11-27T14:42:12,2023-06-20T09:47:56
29,044016b6-c09e-4bc2-b6ce-5d4b958345dd,Felicia,D,Thompson,thompson81@notrealhealth.org.test,455-096-3495,1999-01-01,0869 Alvarado Prairie Apt. 346,Suite 303,Brownfurt,NY,64501,USA,2023-04-14T12:48:01,2025-03-07T03:17:50
30,d2a50423-c8be-409e-aac8-d48ff8bae4d9,Barbara,D,Benitez,benitez97@healthsandbox.local,239-435-7721,,7057 Olsen Summit,Apt. 881,East Sara,MA,50364,USA,2023-12-29T06:51:02,2024-12-28T01:43:08
31,142ff79d-2761-4497-ad31-52404adea2ac,Dalton,P,Lee,lee80@examplecare.test,806-027-3748,1956-07-27,104 Carr Landing,Apt. 731,Johnsonshire,MI,57818,USA,2021-06-30T06:02:19,2024-04-24T11:15:06
32,7ad13357-b247-4ef7-a3d9-aad1371978a3,Gary,C,Jones,gjones@examplecare.test,024-423-0577,2004-01-29,6970 Strong Crossroad Apt. 775,Suite 095,New Williammouth,IN,62664,USA,2023-12-23T20:59:46,2024-03-31T07:16:19
33,e9fd3148-e12b-473b-9cef-522be788e03e,Richard,M,Mcgee,user8345@notrealhealth.org.test,838-776-9216,1986-02-19,3829 Anthony Crescent Apt. 213,Suite 258,Callahanfort,NC,44303,USA,2024-03-10T07:50:38,2025-09-18T04:51:28
34,bf343db2-aea9-4143-9ad8-a10a7777868d,Robert,T,Hill,hill40@healthsandbox.local,435-099-4868,1985-09-07,21403 Stacy Stravenue,Suite 423,Colleenmouth,GA,93870,USA,2024-06-12T12:22:47,2024-07-07T22:38:51
35,3f61ff5b-a38b-468f-b28e-125d7738235b,Brianna,K,Elliott,elliott80@examplecare.test,776-787-0334,1990-03-07,22378 Johnson Pike,Suite 340,South Anna,TN,55482,USA,2022-01-26T23:55:12,2022-03-03T17:03:05
36,682c9541-9fef-4f04-bd8a-2b189e9f8780,Anthony,E,Romero,user5336@examplecare.test,085-654-1941,1947-10-04,43956 Smith Falls,Apt. 956,Jacobmouth,DE,08526,USA,2023-01-05T14:05:43,2024-04-02T04:06:46
37,32874a74-0f31-45a6-8423-2a34e6b8ae91,Mark,B,Hall,hall97@examplecare.test,677-533-7248,1989-12-07,167 Brown Gateway Apt. 361,Apt. 709,Victoriafurt,OK,50351,USA,2021-02-27T00:37:13,2021-08-30T07:18:03
38,461fa53b-0eb8-41e4-9189-e93393a468a5,Sandra,H,Christensen,schristensen@notrealhealth.org.test,050-945-2155,1936-10-27,4496 Ford Branch,Apt. 597,Port Justinside,NV,47247,USA,2021-11-30T07:12:40,2023-08-13T09:21:01
39,ceac75d9-818a-4e5e-870d-b8d94de49c6d,Michael,T,Santos,member393@examplecare.test,425-000-9574,1935-01-11,40086 Johnson Forges Apt. 344,Suite 560,South Alexisberg,RI,74175,USA,2024-11-10T02:04:35,2025-05-06T10:01:58
40,fbb6cd2c-9ccd-4f3b-a3be-ea979e045605,Arthur,R,Douglas,douglas21@notrealhealth.org.test,394-502-4135,1944-11-22,7260 Quinn Burgs Suite 159,Apt. 214,Kirbyview,MD,25318,USA,2022-10-24T16:45:33,2025-02-23T03:25:39
41,5832bc79-aade-47cc-ba09-e5005edc1a58,Joshua,A,Martinez,jmartinez@examplecare.test,535-914-3772,1941-09-19,0324 Jessica Highway Suite 915,Apt. 293,Martinview,WY,56543,USA,2024-08-20T20:27:16,2025-07-17T18:50:00
42,cd35ab2a-5f7c-4efc-8640-b36c0f12881e,Valerie,J,Gray,gray86@examplecare.test,405-263-5369,1975-07-26,9581 Samuel Course Apt. 572,Apt. 693,Thompsonville,NV,77111,USA,2021-07-12T20:36:19,2021-11-01T08:06:05
43,30bc7d81-06f5-428d-ac64-7daf8583326a,Angela,T,Smith,member836@examplecare.test,268-808-2185,1990-04-10,2497 Robert Walk,Suite 618,Stephenmouth,NH,53460,USA,2021-03-26T05:54:05,2025-07-11T04:22:56
44,64cbb9f2-df90-4a4b-9697-97e1317707de,Amy,D,Washington,member384@training-env.invalid,778-714-2140,1991-10-21,,,West Lisa,AL,70033,USA,2021-03-30T02:56:45,2025-06-18T05:28:00
45,416ee813-8063-4fb7-8a27-39bbc5d3d909,Randall,J,Garcia,rgarcia@training-env.invalid,701-873-8674,1995-05-04,5877 Mary Extensions,Apt. 332,North Larryside,NM,68929,USA,2023-09-03T08:07:17,2025-03-11T10:04:09
46,193babab-4fd3-4abb-b2f7-cfd8c62a55b8,Maria,H,Johnson,johnson56@healthsandbox.local,033-007-6997,1968-06-16,7139 Elizabeth Ferry,Suite 712,East Thomas,NC,56466,USA,2023-07-13T00:39:54,2025-09-03T20:39:58
47,aed7c0fc-94b6-46e0-891b-4e559652f607,Megan,R,Jordan,user3347@healthsandbox.local,598-413-0537,1989-12-05,64637 Hall Mount Apt. 634,Suite 839,West Diana,HI,26883,USA,2021-05-17T20:22:43,2024-10-11T14:56:17
48,4aa57b44-43da-4ff8-a0c2-4518becf2e7e,Sharon,V,Robinson,user5603@training-env.invalid,804-009-8595,2007-09-17,31348 Tonya Village,Apt. 160,Aaronstad,ME,77236,USA,2024-05-22T22:16:03,2025-03-25T07:15:17
49,2274974a-7b77-44cc-8d9b-038d407459b3,Diane,E,Thompson,dthompson@training-env.invalid,856-493-2653,1963-08-07,602 Holden Place Apt. 099,Suite 752,Romeroview,LA,36031,USA,2021-07-05T12:46:05,2024-05-20T07:56:19
50,14a69c36-ae66-40c5-a92e-90de2635f91e,Brandi,M,Anderson,user1384@notrealhealth.org.test,768-232-2733,1962-08-10,1316 Parker Viaduct Suite 635,Apt. 986,Richardfort,MT,30487,USA,2023-06-20T10:01:01,2024-07-19T11:45:05
51,e9258d0b-92eb-491f-9c2a-fd5f6ae5877b,Jennifer,T,Miller,user5142@healthsandbox.local,890-233-9995,1997-05-01,,,West Laurenfort,GA,49778,USA,2021-12-10T12:38:17,2022-03-13T07:28:54
52,3ce28993-6685-4734-a134-2fd846ac867f,Virginia,V,James,user4614@notrealhealth.org.test,256-527-1682,1966-04-29,42136 Joseph Tunnel Suite 561,Suite 945,New Kathrynfurt,HI,35697,USA,2021-09-20T15:43:11,2025-07-11T20:55:15
53,6aadb77a-f568-4c4a-92a4-864324965517,Steven,S,Montgomery,montgomery28@notrealhealth.org.test,914-510-1519,1936-01-23,58004 Michael Avenue Suite 066,Apt. 991,North Christinefort,MI,41850,USA,2024-05-16T09:23:39,2025-12-06T05:50:13
54,ab3dfd35-439b-48e8-afe3-2befd762710c,Jose,A,Bowen,jbowen@healthsandbox.local,722-800-9186,1987-11-29,433 Jessica Ridge,Apt. 750,New Coreymouth,CA,22110,USA,2023-02-19T04:42:21,2025-01-24T21:22:20
55,c5df1848-f0e4-407b-a271-3da6ecef3e52,Cynthia,T,Hubbard,member720@healthsandbox.local,398-766-3548,1985-09-11,39892 Joe Stream Apt. 511,Suite 197,East Joshua,ME,98394,USA,2022-05-01T19:19:27,2024-04-30T21:06:35
56,dab67c7c-b2f6-454d-87f1-0ddadea60f04,Jade,A,Rhodes,user4720@notrealhealth.org.test,858-645-7402,,30015 Anderson Parkways Suite 813,Apt. 183,Johnmouth,SC,75036,USA,2024-04-22T12:32:59,2025-06-22T21:46:38
57,4342d6e4-8372-4b71-8607-724ae0daad52,Tony,J,Greene,tgreene@healthsandbox.local,998-200-9579,1944-11-13,643 Nicolas Terrace,Suite 336,Port Ashley,NE,62977,USA,2021-07-26T09:14:16,2022-11-17T09:24:05
58,9d261ceb-1014-41f0-b040-69fd800800db,Paul,M,Reid,preid@notrealhealth.org.test,588-700-3132,1980-03-13,1856 Sara Shores Apt. 344,Suite 766,Pollardshire,NJ,24151,USA,2021-11-03T19:59:38,2022-05-04T00:11:26
59,422c4674-942a-4903-a8a8-d91fb2c53560,Jason,J,Perkins,user8128@examplecare.test,310-053-8820,1962-07-18,1489 Barbara Trail Apt. 524,Suite 393,South Julia,TN,90766,USA,2021-06-29T03:57:10,2024-11-01T11:57:39
60,2ac82077-c700-45ec-856d-53d6c638c8e7,Tiffany,T,Ray,ray82@examplecare.test,678-041-0665,2003-07-31,,,East Thomas,TX,30487,USA,2022-01-16T05:49:59,2024-08-29T18:14:51
61,c037cba5-610b-47bf-bcea-b0ca7aaa3a61,Dana,J,Lane,user1974@notrealhealth.org.test,990-519-6544,1937-03-15,638 Baldwin Road,Apt. 509,New Christinatown,MI,52556,USA,2021-02-22T18:54:17,2021-12-29T10:39:05
62,deaf489c-3509-48b8-8f2c-4da409a08d8c,Sharon,W,Reilly,reilly23@training-env.invalid,577-393-0647,1951-12-11,0090 Jesse Coves Suite 456,Apt. 618,East Cynthia,VT,35902,USA,2024-04-29T17:24:49,2025-10-09T00:58:51
63,abbe613a-58ef-46da-9017-c072a1fab297,Darren,D,Perkins,dperkins@training-env.invalid,634-765-4904,1950-01-03,98214 Emily Streets Apt. 362,Apt. 882,Norrisport,NJ,86926,USA,2021-06-16T08:59:22,2023-01-01T20:59:54
64,2f20b1cf-a8f0-4a21-be5e-5fcb1fc4053a,Kaitlin,B,Jordan,member887@examplecare.test,478-203-9206,1968-11-05,55641 Smith Glens Apt. 383,Apt. 691,East Randy,NH,15434,USA,2021-02-13T04:59:36,2022-08-24T17:17:10
65,e91483c0-9417-493c-b69e-0fed0ef25061,Natalie,M,Miller,miller90@healthsandbox.local,890-652-6398,1983-11-08,98907 Zamora Club Suite 211,Suite 783,Lake Dawnside,MS,03147,USA,2024-09-29T20:08:15,2025-03-04T16:53:43
66,415bafa6-9dbd-4fc7-b7a6-edb8b5bed8a4,Christopher,M,Smith,csmith@healthsandbox.local,533-820-9225,2004-11-08,,,Rodriguezstad,MA,83117,USA,2024-07-24T12:58:11,2025-01-27T12:54:53
67,52f9a9a2-a73a-41cc-8e0d-10cda0de66c6,Earl,A,Crawford,crawford37@notrealhealth.org.test,135-564-7996,1976-07-03,701 Porter Manors,Apt. 155,East Maryton,DC,67405,USA,2022-11-10T16:58:24,2025-06-28T00:33:09
68,ed4c3f57-58dd-46d4-9be8-fa0d01154268,Dylan,W,Ramirez,member794@notrealhealth.org.test,084-983-5878,1969-12-16,7990 Daniel Skyway Apt. 367,Apt. 287,Barberview,NH,20227,USA,2023-12-31T20:45:29,2025-09-21T17:24:36
69,900cd17d-d2fd-4afe-bb14-5686890555ca,Andre,D,Davis,member102@examplecare.test,290-762-9206,2007-04-25,92473 Natalie Brooks Suite 627,Suite 475,South Shelbytown,OH,12319,USA,2021-07-06T19:32:54,2024-05-16T01:44:47
70,09e89af8-1eea-47bf-8d52-f9387f34987f,Robin,D,Archer,archer79@examplecare.test,479-331-2597,1987-11-16,2001 Brenda Villages Suite 413,Suite 736,South Brianchester,IN,61542,USA,2024-05-29T14:48:35,2025-07-30T20:18:47
71,be3f4e97-00a1-49ec-83c1-7d08915ccd48,Matthew,N,Stone,member677@notrealhealth.org.test,240-031-0975,1958-08-21,103 Thompson Mount Apt. 211,Apt. 722,Lake Brendafort,GA,04426,USA,2023-07-09T03:45:43,2024-12-05T23:15:39
72,e852aede-358f-4154-b8e4-c3767ac16676,Lori,M,Henry,member380@healthsandbox.local,988-311-1353,1993-06-23,401 Snow Inlet,Apt. 671,Timothychester,WA,81560,USA,2023-11-05T07:04:21,2025-04-04T20:16:33
73,1dad92d3-4880-4923-8e22-2c6feff576b2,Kyle,R,Webb,member559@notrealhealth.org.test,810-947-4774,1980-10-30,369 Michelle Parkways,,North Melanie,MI,53562,USA,2024-10-27T11:19:23,2025-01-22T06:30:38
74,37650ca7-23e7-430e-8155-f87b22371b3b,Gail,K,Davis,member133@notrealhealth.org.test,371-506-0143,1998-07-18,329 Castillo Plains Apt. 216,Suite 685,Charlesside,KS,41578,USA,2022-11-10T17:56:46,2024-04-10T08:22:54
75,b555509f-11e6-43ca-8b24-092c6904121c,Francis,C,Robinson,robinson27@examplecare.test,224-267-2806,1943-09-07,82361 Krista Village,Apt. 388,West Teresa,WI,34231,USA,2022-11-08T06:05:05,2024-01-05T07:14:47
76,57fcf1fe-4c96-43ab-839b-2a104a7ccfbc,Jessica,J,Randall,jrandall@training-env.invalid,164-594-1557,1971-12-26,9245 Angela Summit Suite 308,,Raymondstad,OH,19409,USA,2024-08-01T19:37:16,2025-02-02T11:33:14
77,c547f641-2c10-4c56-941e-fab9757f0c2b,Andrea,P,Pierce,pierce27@training-env.invalid,264-472-9749,1979-08-06,,,Reyesberg,CA,52724,USA,2024-09-12T09:42:30,2025-07-08T10:20:35
78,06e3fd8e-385b-4e35-9d0b-b9a24a696011,Allison,S,Boyd,aboyd@examplecare.test,835-975-6899,1972-07-05,530 Diane Trail Suite 421,Apt. 085,Joneshaven,NH,36999,USA,2022-05-28T11:28:38,2024-01-29T02:00:34
79,5b0dbfe8-3166-4f3a-a561-f18d5b5b159e,Mary,J,Ramirez,ramirez80@training-env.invalid,173-723-6840,1965-03-03,88758 Pamela Springs Apt. 841,Suite 973,New Michael,TX,00894,USA,2023-12-09T10:10:06,2024-02-22T20:32:37
80,8600a37a-056c-4058-9ee5-795aae063be8,Reginald,,Parker,parker30@training-env.invalid,967-176-4489,,010 Donald Bridge Apt. 429,Suite 978,South Deborahberg,TX,54488,USA,2022-07-15T11:31:28,2025-08-14T22:05:30
81,860d1423-ba29-4625-a10f-b2ec683159ee,Daniel,L,Mclaughlin,mclaughlin91@examplecare.test,513-180-3305,1941-11-29,3675 Daniels Spurs Suite 533,Apt. 228,West Justinville,HI,80117,USA,2022-01-03T21:18:52,2024-04-06T22:01:30
82,ed813921-3669-47c7-848c-849cb4d26504,Jennifer,A,Walker,member269@examplecare.test,029-990-4630,1989-08-18,459 Brandon Street,Suite 440,Lewisville,MD,61791,USA,2022-12-22T15:35:07,2023-03-26T17:55:59
83,b88128cb-92ec-4dcc-8bae-2428d50c4f1f,James,J,Hicks,hicks40@notrealhealth.org.test,710-587-6517,1958-06-25,12234 Taylor Circles,Suite 510,West Christine,MI,58834,USA,2021-04-04T22:34:17,2023-05-24T13:06:35
84,676c900e-6d9c-4740-91c7-1f14d82a5872,Katherine,M,Burke,user8624@notrealhealth.org.test,080-550-5331,1978-05-26,21419 Hensley Garden,,North Alan,VA,87711,USA,2024-04-28T03:47:57,2024-11-25T23:38:12
85,737f5208-67d1-4ca2-8e43-e238ad9ea185,Mary,,Benson,mbenson@notrealhealth.org.test,233-667-2714,1971-05-10,3225 Warren Station,Suite 164,Margaretborough,LA,68455,USA,2023-06-15T06:43:44,2025-07-28T22:04:37
86,ddc73ce2-851b-4470-958c-eed0a7bdade5,Carol,,Stewart,member794@examplecare.test,258-844-6964,1938-02-19,36764 Jordan Ridges Suite 248,Suite 665,Colleenport,IN,12303,USA,2021-02-15T22:13:39,2024-02-27T02:06:21
87,3f126c2d-407d-48d1-a425-f89161abb567,Christopher,R,Owens,user3280@healthsandbox.local,264-061-0618,1954-05-02,8209 Bennett Lane Apt. 782,,Simmonsbury,AZ,82477,USA,2022-12-01T15:55:40,2024-01-30T11:29:09
88,637f3f6c-059b-4bd7-9ea9-fa25d84a471a,Beverly,D,Anderson,anderson71@examplecare.test,002-927-1573,1949-12-12,605 Allison Trail,Apt. 335,Williamsville,LA,52088,USA,2021-09-04T00:58:37,2022-06-13T01:26:33
89,5c4e790c-63c2-4ff6-9d25-ee120bdf0769,Holly,J,Mendoza,member788@healthsandbox.local,610-013-6576,1965-09-08,71745 Oconnor Gateway Apt. 909,Suite 618,Castroville,AZ,14799,USA,2023-10-10T12:06:01,2024-07-06T03:51:57
90,41efd39a-5225-4e88-8d73-f7ffe8eb2537,Christopher,R,Barton,barton20@healthsandbox.local,274-793-4392,1996-10-14,523 Reynolds Rue,Apt. 655,North Carlostown,AR,32059,USA,2023-01-02T08:18:41,2025-05-22T09:38:55
91,4543d2c3-10cf-4345-9108-e646f5594ead,Gregory,L,Mcdaniel,mcdaniel13@notrealhealth.org.test,212-688-5631,,524 Mark Ridge Apt. 584,,South Stephen,VT,28141,USA,2021-12-19T03:24:18,2025-06-23T15:00:05
92,85ba3b70-de0d-4923-ab52-ce25e456d77b,Nathan,T,Jackson,user3389@healthsandbox.local,362-301-7215,2003-06-15,65337 Debbie Curve Apt. 609,Suite 977,Salazarbury,ID,38295,USA,2022-03-25T10:15:37,2024-03-22T00:04:24
93,8915ee93-e4f3-444e-88cd-2ca34ea71286,Donald,A,Gray,member696@notrealhealth.org.test,976-085-6208,1998-05-02,350 Rebecca Canyon,Suite 679,North Brian,OH,63327,USA,2022-02-07T07:12:16,2025-05-13T12:16:13
94,f9f00a6a-16f1-492f-ac3f-a12694b4b07b,Eric,B,Ray,eray@notrealhealth.org.test,288-626-4662,1958-07-29,8522 Peter Spring,Apt. 571,Marissaland,MI,99493,USA,2023-11-15T04:43:31,2024-10-18T18:35:28
95,8dd82f34-9335-43d7-9cb6-dc14e0aac1ac,Lisa,T,Griffith,griffith57@notrealhealth.org.test,797-755-9490,1938-04-28,772 Faulkner Union Apt. 906,,Joshuaberg,MT,19174,USA,2024-09-13T05:40:38,2025-10-15T10:12:34
96,30e46ae8-573f-4556-a396-05006e7bb01e,Charles,A,Little,user5153@examplecare.test,952-064-2726,,4492 Hannah Prairie,Apt. 125,Denisefurt,GA,72747,USA,2022-05-07T17:10:42,2024-04-30T04:05:46
97,df430053-d6d6-40d5-acdf-2ee75a6ea217,Joshua,J,Martin,jmartin@training-env.invalid,407-349-5273,1943-02-01,7093 Travis Hollow Suite 008,Apt. 135,North Briannaview,ND,54737,USA,2023-12-24T03:22:33,2024-04-01T16:42:46
98,f7b07111-5575-49b8-8e3d-19ab05951426,Jennifer,A,Wu,jwu@notrealhealth.org.test,391-361-4901,1956-10-14,864 Katie Track Apt. 065,,Taylorland,TN,22086,USA,2021-07-13T06:53:14,2024-09-17T01:01:41
99,676776cd-62e8-4e5d-addf-efa844f81278,Travis,J,Adkins,user4592@healthsandbox.local,329-969-7509,1995-01-05,699 Jennifer Road,Apt. 940,Lake Melissa,MD,46892,USA,2023-11-07T11:18:42,2025-02-08T16:43:09
100,f73389d6-2873-4a62-8d4e-529e1258761b,Janice,B,Roach,roach31@healthsandbox.local,178-308-8574,1988-01-09,2032 Melissa Springs,Suite 285,East Susan,LA,42623,USA,2023-08-25T13:13:07,2024-12-31T05:46:11
101,86e400fd-60f2-4a84-a31c-cadee1f816fc,Kathryn,A,Steele,user5123@examplecare.test,731-402-5175,1972-07-09,569 Rose Plain,Suite 872,Amandaburgh,WI,30163,USA,2021-11-21T07:02:26,2024-07-26T14:44:50
102,824d02e5-3cca-481b-8730-2dd2e396fb73,Shane,J,Carrillo,member759@training-env.invalid,256-048-3879,2004-04-03,888 William Plains,Suite 909,New Timothy,AR,66552,USA,2022-04-30T23:57:05,2025-09-01T10:47:42
103,eaa5367b-46a7-44bf-920d-b9326b9806ff,Jill,K,Miller,jmiller@training-env.invalid,642-798-6534,1986-10-20,7633 Pena Pike Suite 425,Suite 738,Millerport,VT,42802,USA,2024-03-06T20:47:53,2025-07-09T16:55:38
104,3ed2babb-9607-4ac8-8216-6c9b485accd0,Meredith,D,Gardner,user6043@examplecare.test,723-400-0694,1988-08-23,000 Stephen Ranch,Suite 196,West Randymouth,KY,13177,USA,2022-02-06T17:04:27,2022-09-06T00:28:04
105,e949ccbd-120d-45b5-ad7f-3652ad62b121,Alexandra,E,Howard,member142@notrealhealth.org.test,948-563-7357,1985-01-12,9562 Rodriguez Plains,Apt. 890,New Thomasburgh,KY,76569,USA,2021-04-12T06:20:00,2023-12-27T18:09:24
106,ebe87e14-80f0-4b6e-a66c-5f8544596f16,Lisa,,Brown,lbrown@training-env.invalid,844-280-9247,1999-03-06,8827 Wilkerson Streets,Apt. 910,New Andrew,ME,08097,USA,2024-03-12T07:30:06,2024-12-14T09:00:51
107,0ebf071d-2172-49b4-b9ac-d206b8aafca7,Wendy,P,Smith,member117@notrealhealth.org.test,384-349-5127,1973-06-26,7355 Wiggins Plains Suite 377,Apt. 844,Robertsonbury,NV,13781,USA,2021-04-14T20:33:25,2024-06-11T01:44:27
108,d91017f9-230c-4508-9880-48dcb11ac435,Jacqueline,,Kaufman,user3079@training-env.invalid,485-477-5729,1953-08-01,343 Yolanda Road,Apt. 618,East Samanthaside,TN,29219,USA,2023-03-30T07:55:05,2025-02-16T19:29:48
109,d08fd555-821f-4c02-ac14-fb6541207d78,Larry,T,Duran,member676@notrealhealth.org.test,891-421-2385,1975-10-24,2759 Kathleen Flat Suite 832,Suite 783,New Kristen,NC,56969,USA,2021-04-24T13:42:11,2022-09-12T02:05:56
110,f90b36e1-2125-42ce-afc1-d306f347c4e0,Christine,K,Smith,smith97@examplecare.test,633-548-5406,1975-10-09,6882 Weber Trail Apt. 438,Apt. 598,Meghanville,MA,69450,USA,2024-08-29T04:46:41,2024-12-11T18:10:30
111,d8cb7d79-6ef6-4c3a-b160-c8e7ff50e001,Sherry,J,Patton,patton72@training-env.invalid,624-396-0789,1997-09-20,821 Jones Crossing,Apt. 203,Cynthiastad,TN,96295,USA,2021-08-07T00:05:41,2023-04-11T15:45:27
112,fecf7911-611d-433b-a6e4-4631e9b2400c,Brandon,D,Barnett,bbarnett@training-env.invalid,199-149-3689,1974-07-14,1764 Christopher Light,Suite 199,North Lindsey,SC,10910,USA,2023-12-18T22:25:20,2024-06-09T12:29:04
113,f530f3af-ea12-47a7-aa0b-1699cf546d86,Micheal,D,Moore,user5937@notrealhealth.org.test,275-361-1471,1947-06-07,8409 Betty Lakes,Suite 902,North Paulton,NE,92279,USA,2023-09-14T10:22:52,2025-06-04T09:16:39
114,8969a563-b25a-469a-89da-a19273e81e2d,Zachary,,Little,member895@healthsandbox.local,847-413-2732,,3010 Parsons View Apt. 756,Apt. 872,East Davidside,WI,19383,USA,2021-08-26T05:40:18,2024-10-11T06:35:10
115,49d5a885-95c4-4f31-af35-bb8d5997a9ff,Gabriel,A,Romero,member729@notrealhealth.org.test,796-694-7118,1936-11-17,06575 Simmons Shore,Suite 932,Bradleyville,NY,63130,USA,2022-11-13T07:59:00,2023-08-26T06:33:12
116,cc36fe58-3fe2-4e6f-af73-f578a58ff041,Luke,J,Williams,user4938@training-env.invalid,059-349-0903,1950-09-13,01531 Rhodes Lodge Suite 217,Suite 201,Lake Erik,SD,50959,USA,2021-08-26T17:24:47,2022-12-05T01:54:52
117,cae7335c-b251-4bd7-8a0d-0c44b78399a2,Darrell,T,Hernandez,user8055@examplecare.test,683-844-8119,1955-04-10,5709 Carol Loaf,Suite 446,Port Karenland,NJ,06742,USA,2021-02-14T12:12:02,2025-09-04T11:36:59
118,126956a6-4f4f-4472-bd94-d8aafc2d507c,Debbie,L,Williams,dwilliams@healthsandbox.local,886-058-0570,1945-06-05,734 James Run,Suite 766,South Bradley,FL,12952,USA,2021-11-20T07:03:47,2024-07-28T04:09:04
119,d74b98da-aefe-4aee-8fd2-7de2a699374e,Sandra,,Taylor,user1477@healthsandbox.local,505-315-7955,1993-11-19,25238 Smith Crescent,Apt. 116,New Philip,NM,68232,USA,2023-02-28T18:31:21,2025-02-26T00:25:49
120,8dd82f34-9335-43d7-9cb6-dc14e0aac1ac,Lisa,T,Griffith,griffith57@notrealhealth.org.test,797-755-9490,1938-04-28,772 Faulkner Union Apt. 906,Apt. 388,Joshuaberg,MT,19174,USA,2025-06-01T01:53:09,2025-06-01T01:53:09
121,824d02e5-3cca-481b-8730-2dd2e396fb73,Shane,J,Carrillo,member759@training-env.invalid,256-048-3879,2005-04-03,888 William Plains,St 909,New Timothy,AR,66552,USA,2023-04-30T23:57:05,2025-10-01T10:47:42
122,5c4e790c-63c2-4ff6-9d25-ee120bdf0769,Jane,Z,Saleth,user2158@healthsandbox.local,566-015-2635,1967-01-09,2659 Bridge St,,Cityville,WY,12688,USA,2023-11-19T11:06:07,2024-08-07T04:53:50